,inflation,belt_tightening,sigmoid_gamma,private_morale_alpha,final_striking_workers,final_average_morale
inflation,1.0,-5.937488094424533e-17,8.478973127550607e-16,7.52475852566911e-16,-0.009321000677033875,-0.0028260094503183286
belt_tightening,-5.937488094424533e-17,1.0,1.567743527027869e-16,2.2189683394467472e-16,-0.07672027728551101,-0.5827492687566103
sigmoid_gamma,8.478973127550607e-16,1.567743527027869e-16,1.0,-4.36064699393801e-17,-0.4687131335238549,-0.4189202647444087
private_morale_alpha,7.52475852566911e-16,2.2189683394467472e-16,-4.36064699393801e-17,1.0,0.057741569025868855,0.06027365257696792
final_striking_workers,-0.009321000677033875,-0.07672027728551101,-0.4687131335238549,0.057741569025868855,1.0,0.5108000474021173
final_average_morale,-0.0028260094503183286,-0.5827492687566103,-0.4189202647444087,0.06027365257696792,0.5108000474021173,1.0
